value__permutation_entropy__dimension_3__tau_1,value__permutation_entropy__dimension_4__tau_1,value__partial_autocorrelation__lag_3,value__ar_coefficient__coeff_2__k_10,value__permutation_entropy__dimension_5__tau_1,value__permutation_entropy__dimension_6__tau_1,value__number_cwt_peaks__n_1,value__number_peaks__n_1,value__permutation_entropy__dimension_7__tau_1,value__ar_coefficient__coeff_1__k_10,"value__fft_aggregated__aggtype_""kurtosis""",value__maximum,value__absolute_maximum,value__mean_n_absolute_max__number_of_maxima_7,"value__agg_linear_trend__attr_""stderr""__chunk_len_50__f_agg_""max""",value__minimum,"value__fft_coefficient__attr_""abs""__coeff_63","value__agg_linear_trend__attr_""stderr""__chunk_len_50__f_agg_""min""","value__fft_coefficient__attr_""abs""__coeff_58",value__value_count__value_0
1.2221968670763448,1.779522844054529,-0.3641760685872847,0.0395789598988973,2.375477204918673,3.002083543716304,873.0,1351.0,3.5962269090125414,1.0999126835434452,7.558634617170166,0.2441406,0.2441406,0.2329101428571428,2.189333941247271e-05,-0.2267761,2.0414697746599115,2.0206458600870345e-05,2.4380054892726317,6.0
1.1480542443941577,1.6456222511979777,0.5035428958940027,-2.5481489303545186,2.1961402749432755,2.7774000643441834,666.0,1098.0,3.365738056281645,2.443050740043611,13.337207748059663,0.2684326,0.2714233,0.2669634142857143,2.591234874240022e-05,-0.2714233,4.105904546513719,2.1739257118747978e-05,6.889093349578919,6.0
1.6494183239155524,2.5456946091183728,-0.6545194560407905,0.5954913826622427,3.4708080764885967,4.431796173259117,1041.0,3688.0,5.335460557136671,1.2112804336604732,15.387752411624744,0.2134705,0.2134705,0.2079860285714285,1.915224799509684e-05,-0.2103882,2.658689849349201,1.5201615837919543e-05,0.9491459732656649,21.0
1.6635521662235118,2.6101216092247763,-0.5000664864704688,0.3365350242365544,3.569895861336673,4.564649889959809,1248.0,3824.0,5.506579811703449,1.1172503979792192,9.091339054886095,0.08029175,0.1560669,0.1543056,7.193415787240974e-06,-0.1560669,1.9979532981434516,1.1099150268408748e-05,3.299574399613294,21.0
1.4797232544216223,2.1840560744717585,-0.5741335269538994,0.5975381804718088,2.926664781528026,3.6908618719513298,848.0,2564.0,4.417537238145741,0.86169880541601,6.212778584276804,0.3427734,0.3427734,0.3361075285714285,2.1467475349330613e-05,-0.3320313,5.858557810308176,2.1856264458675545e-05,1.633871999229402,5.0
1.2669662557173835,1.8594113639891807,0.5003487031921642,-2.04516703448594,2.5024760179385277,3.1724661014704774,586.0,1527.0,3.82813535766231,2.380840782040171,28.696457711358452,0.9999695,0.9999695,0.9999694999999998,8.320101068615016e-05,-0.9413452,6.596644974193353,8.365179410098414e-05,3.483249692061373,7.0
1.517912587750459,2.401932138644274,-0.1481834980664819,-0.4544477937805743,3.339919459546594,4.330567796760922,990.0,2708.0,5.275150003178143,1.3663031210585468,7.489564889921166,0.1389771,0.1401062,0.1388767714285714,1.1957221742640618e-05,-0.1401062,1.2357522449281058,1.1353926082088083e-05,0.9761616129271398,40.0
1.290151690619053,1.8303107022397125,-0.4602112218983268,0.108858057247489,2.411987265111343,3.0213206450714414,852.0,1608.0,3.594247242251643,1.4511441364344948,21.4260419603281,0.1538391,0.1538391,0.1451023714285714,1.1422266713925056e-05,-0.1355286,0.8898451324738748,1.0890538061914907e-05,2.206354655539512,13.0
1.1593389806870564,1.6246453237090146,-0.0152341656274189,-0.1714084390635666,2.134305052781866,2.672467212972551,642.0,1104.0,3.1916147767855216,1.809392367166286,29.472524313506856,0.1647949,0.2449951,0.2339782857142857,1.5017007083322476e-05,-0.2449951,3.5374659754850954,2.0325531284892656e-05,4.393223075443861,8.0
1.5552081333199053,2.406160350715552,-0.5616579121500107,0.3949481198309192,3.3057790621443246,4.234359830646893,812.0,3021.0,5.122209145386288,1.2924473741392817,14.723644817222588,0.3040466,0.3040466,0.295772,2.3929446391386065e-05,-0.2450562,3.124026936043452,1.93568875936931e-05,3.315095367161787,11.0
1.3442093268925948,1.969214909287984,0.0907369843432345,-0.6893997816964536,2.627760179849138,3.309127083372533,532.0,1882.0,3.959076330784557,1.9653805410147025,29.171495330055997,0.9999695,0.9999695,0.9996686714285712,0.0001055572945015,-0.9578247,7.554167646185682,9.052723059396334e-05,6.97456036767486,4.0
1.0473727720988553,1.4321125607902965,0.6133595872664805,-2.7071784928228286,1.8431168431809528,2.280794916466508,477.0,794.0,2.738427514571187,2.609088931402931,19.445139840688714,0.9999695,1.0,1.0,0.0001111852951096,-1.0,7.323000647584145,0.000126386530371,11.916853948983794,0.0
1.3629191785939692,2.0752594403654947,0.1145755738873289,-0.9465698795847654,2.8519960779558025,3.670557722073514,778.0,1960.0,4.471804695096239,1.9562926662085875,19.103323998063573,0.2035828,0.2035828,0.1998770714285714,1.8826762968682068e-05,-0.196106,1.930515787020131,2.009391488239141e-05,3.159778854430367,12.0
1.3864237223141616,2.056578391926866,-0.5135786155601545,0.2128188272318236,2.7669127037684014,3.5032900694270577,935.0,2055.0,4.198553630032121,1.436599154939253,24.125830722311424,0.2569275,0.4954224,0.4870169285714285,1.968675890969814e-05,-0.4954224,4.983438891658366,2.4557309603419737e-05,4.832252114502634,17.0
1.3625890768306417,2.0459815091766105,-0.2541833240132256,-0.1889653508511807,2.799255542525742,3.5868673503946478,633.0,1871.0,4.3445467737781325,1.6768367025683306,18.602605511836643,0.09991455,0.1232605,0.1145629857142857,6.780689270707487e-06,-0.1232605,0.701684419670165,6.874345465116677e-06,0.6527840293886163,47.0
1.0837743695240754,1.4935884263587866,0.1965839628966103,-0.6295305348532629,1.940507347335344,2.412377078880528,609.0,875.0,2.876873995196516,1.9719327854144244,34.14972664018498,0.4039001,0.4407654,0.4302847714285714,3.827856310347788e-05,-0.4407654,6.547977422073147,3.943898502602654e-05,12.285440444817,8.0
1.065054608103145,1.4528748653204795,0.6303900993248925,-1.459256575652502,1.8652876440091688,2.298905420399995,500.0,833.0,2.7423247276493155,2.2884052100955423,37.42322689037586,0.4682007,0.5811462,0.5631626571428572,3.417079827608974e-05,-0.5811462,12.640643309851084,4.17732431930934e-05,7.303993897487645,4.0
1.3372066260437152,1.9922880675818864,0.135087087435656,-0.923078638776232,2.698589017169376,3.433808039593776,867.0,1847.0,4.143832577616946,1.9891935557101863,19.915617602986053,0.285614,0.285614,0.2722080857142857,2.471484029564049e-05,-0.183136,7.077217324865769,1.915826449402908e-05,7.54997045973843,5.0
1.2649520638149976,1.820249578985052,-0.4376858770759165,-0.0259986360480683,2.397624358293474,2.98975403878558,989.0,1535.0,3.554905375419313,1.4442459132427397,16.265494492598098,0.1807251,0.2711487,0.2606070428571428,1.4079805046934056e-05,-0.2711487,2.1627755627944265,1.720577510974423e-05,0.5999153557667473,11.0
1.5733138759714485,2.448721259236934,-0.138394738684162,-0.535404144529323,3.376203860338925,4.342300242434702,904.0,3128.0,5.25536706913109,1.6780935609573342,14.270294889934403,0.2252197,0.2431641,0.2314714571428571,2.1581262302968187e-05,-0.2431641,3.890853772239169,1.8909088515781288e-05,3.5145226012041486,10.0
1.4577614453687155,2.18104550543897,-0.564721870339875,0.3457848601057642,2.9283167898870133,3.701346111565493,715.0,2393.0,4.420076860448393,1.4081400186537223,18.353120912731622,0.3380127,0.3380127,0.3323364285714286,3.2286738530444315e-05,-0.2875366,2.4884230078299976,2.4918946493490115e-05,3.41515053643428,24.0
1.3004338026217783,1.9112940065361823,-0.3929154242594615,-0.0120722689116722,2.565816721528418,3.249088775730524,750.0,1670.0,3.893289151029712,1.4564239236359826,14.1093813259366,0.5151367,0.5151367,0.4848066,4.32425827443455e-05,-0.4533386,11.261311317608971,3.645524976475708e-05,18.826615481402406,14.0
1.4796017467980076,2.2921329981590217,0.0495380486492161,-1.240150778095252,3.159083917929322,4.077685791605234,915.0,2472.0,4.938266962300482,1.944882347693332,16.315833672743953,0.2148438,0.2148438,0.2040187428571428,1.537075962705722e-05,-0.1722107,1.9251065811414307,1.2498197332888514e-05,0.7061114840883485,32.0
1.5307897784950562,2.3381223093753523,-0.1444243652388292,-0.7111587922111002,3.185070993180525,4.0624364057056574,758.0,2840.0,4.881131636830682,1.8465926088693607,22.148776253466952,0.2749939,0.4119873,0.4046194857142857,2.6018573397897e-05,-0.4119873,1.6771121261014554,3.3673081935859526e-05,2.8916584739431266,11.0
1.0646863661142232,1.4289066917442792,-0.1294765409650703,-0.7912057062694746,1.825974685701601,2.2415379315300195,713.0,799.0,2.6403548593394044,1.824232426888054,20.148519512630237,0.1185608,0.1654053,0.1632995571428571,1.149352982660204e-05,-0.1654053,1.1413193722995956,1.2762493434057817e-05,1.573517758096923,11.0
1.3366030164481222,2.014416279514562,0.0417744493932604,-0.9527526496243592,2.757070771764848,3.5395035948139943,786.0,1817.0,4.304702906438493,1.9348664019280952,20.82914171311575,0.4024963,0.4024963,0.3913138285714286,2.682213384508837e-05,-0.3852844,5.551602951223078,2.6041496303392616e-05,1.2823938294510808,16.0
1.1430323593206957,1.5549868595920806,-0.423544162844507,-0.0548577135663257,1.998499970523456,2.4631567601511337,740.0,1057.0,2.898458791332032,1.3497438286104315,14.015782177099226,0.1958923,0.2009583,0.1970389285714285,1.689572707022337e-05,-0.2009583,1.832080401656183,1.500464152073649e-05,2.506322425613325,9.0
1.5961727758311608,2.4586062471496115,-0.4416618648325098,0.0739519774207128,3.3666845780053647,4.317531961106104,1028.0,3280.0,5.217839995007273,1.3466806116251495,11.782667589765577,0.1473694,0.1473694,0.1442391571428571,1.0824342578112876e-05,-0.1258545,2.355809646210948,9.743196750579816e-06,0.2246520300064449,13.0
1.1296816070383282,1.5476606189281177,0.1521823960624438,-1.1045637612722072,2.008479016952375,2.4986343082054203,689.0,982.0,2.966484071486618,2.050339927671291,26.85890351056426,0.1557617,0.1557617,0.1533813285714285,1.2457305238477704e-05,-0.1508484,2.4760285471168,1.282561941789416e-05,1.0591059463658623,18.0
1.2470714543898012,1.7592571792017668,0.1910704207185592,-0.6447928694762216,2.3029270307627425,2.862671170118099,664.0,1476.0,3.4169930159893003,2.003558704600977,23.362316653604243,0.2915039,0.3250732,0.3030482714285714,2.9548171144234705e-05,-0.3250732,1.7208091305371345,2.429212937858442e-05,4.0253149824319205,9.0
1.0721160971651105,1.4545883159801165,-0.0197195162789735,-0.7435755744148986,1.873248405131675,2.317230076018844,791.0,833.0,2.752644647680045,1.85651990483438,29.020628622235645,0.1615906,0.1615906,0.1554565571428571,1.0893734778462705e-05,-0.1260071,2.223548534384093,1.0756055648425433e-05,0.5427743774615991,12.0
1.556550393756298,2.3661517039189133,-0.0825251059027222,-0.0495765464475368,3.2218179188932945,4.1129186346961255,835.0,3003.0,4.964174208950878,1.0292793601738135,5.159107276274805,0.5956116,0.5956116,0.3325413428571428,1.880980497318978e-05,-0.2865601,0.3189946308822438,1.21814658576544e-05,3.818970569727364,8.0
1.740906786921864,2.7847817866697198,-0.5540874000924786,0.4889576504871155,3.879407729494762,5.022379870301636,1280.0,4587.0,6.1119054374398925,1.030913942237787,7.207920146722973,0.0255127,0.03063965,0.0264674614285714,1.927046746009891e-06,-0.03063965,0.3391512679171889,1.9348855978982357e-06,0.2780426561501731,56.0
1.6752905658559087,2.621378834537569,-0.5921809357043751,0.392962593256237,3.629620307010004,4.6959047347850245,1008.0,3822.0,5.7081270881253765,1.2920369956361355,12.669415987263385,0.05545044,0.05545044,0.05480521,4.355003702871508e-06,-0.05358887,2.153063948275001,4.382546424337725e-06,1.0233635973743398,54.0
1.6236571432917295,2.4673752030221525,-0.5822214611991874,0.2988485528056549,3.341918470852701,4.246254185405121,837.0,3511.0,5.102329393684492,1.3010954798372285,12.38502435785904,0.2824707,0.2824707,0.2756260285714285,2.31876027340802e-05,-0.2793579,3.405065554071252,2.092314291910512e-05,3.175395949686159,10.0
1.5731422226725733,2.573068258408658,0.4056619079062232,0.155117158344885,3.653881352079316,4.799398745991185,1122.0,3101.0,5.901190848585241,0.6014719452769646,6.442385892591125,0.467865,0.5085144,0.3991307,1.6773835677375664e-05,-0.5085144,0.8200965903697278,1.944641068274782e-05,0.7914727697456759,24.0
1.3028952210506692,1.9528215877885968,0.0652265460722577,-0.9614266023788518,2.681449901513101,3.459633491012183,814.0,1606.0,4.222272033944144,1.823882004208819,12.464903968230129,0.06729126,0.1131287,0.1056431428571428,6.237121276477413e-06,-0.1131287,0.6269958869810816,8.92713433257984e-06,5.167830052830468,32.0
1.1936018806471038,1.7292623651773074,0.3583258754614272,-1.247833214887189,2.3137024247681026,2.934867092182883,672.0,1239.0,3.55076723280975,2.151340686108113,27.66364682131382,0.2947693,0.2947693,0.2908935571428571,2.5618044987963405e-05,-0.216095,6.792330860398024,2.087150552399239e-05,4.095604937598209,10.0
1.2509541439580274,1.8146999520279476,0.054576475944933,-0.9289032294679026,2.426109125643662,3.0625087189555016,853.0,1487.0,3.690939383899808,1.850577052872601,13.692182080626836,0.2741089,0.2741089,0.2613132999999999,2.13273693996663e-05,-0.2236023,2.9713065357475426,1.8890566679988365e-05,4.366082570193809,8.0
1.454249249354595,2.1491562806253106,-0.3007042820364623,0.0099030970489996,2.84013081869837,3.549433513286366,986.0,2406.0,4.206913483837117,1.6136982780470066,27.202428304149397,0.2554626,0.3132935,0.2989284,2.420079643347467e-05,-0.3132935,0.8269117281585859,2.4627502376993267e-05,1.199799969350846,11.0
1.3185378636503864,1.9404676340684424,0.3403350050143253,-0.7798814494106026,2.6092883963201547,3.305812748054861,801.0,1751.0,3.9776594358577775,2.0521010914616347,32.10377001373843,0.7658691,0.7658691,0.7470964714285714,5.947826599448358e-05,-0.7459106,4.079431454294627,4.937000403531581e-05,3.864013907087809,12.0
1.5619064489214856,2.3857645653184654,0.0381546908940972,-0.3824994202576706,3.27537986482046,4.195012665783627,939.0,3015.0,5.054974304766732,1.2396189654256344,6.258745114021131,0.1165161,0.1165161,0.1055603014285714,7.446726411054039e-06,-0.0977478,1.894704797684916,8.139797106822257e-06,0.6797250841507226,20.0
1.5970280524797726,2.436427995284962,-0.5008105884710325,0.1263381050368395,3.315981719468725,4.239130990050866,1072.0,3207.0,5.110386711086632,1.3341366097547591,12.791591488036971,0.09561157,0.1390076,0.1285400428571428,7.0011728815879325e-06,-0.1390076,0.5306868204713533,7.343280771542548e-06,0.682612575272495,48.0
1.5521762592211883,2.3834448744574708,-0.4701304543823592,0.1842340362915986,3.244225351901936,4.13612012566582,959.0,2995.0,4.980512437637698,1.378306431594164,14.88547554696572,0.2043152,0.2288818,0.2258344428571428,1.732981727374608e-05,-0.2288818,4.323435075651889,1.827790742949595e-05,4.483527739077466,6.0
1.113351226055251,1.570242414136951,-0.1684635903443096,-0.7396860288346105,2.0729292410191467,2.601347666159823,679.0,989.0,3.142210276924972,1.8661235337341529,20.99986088116401,0.148407,0.319519,0.3135550285714286,1.504909701706304e-05,-0.319519,2.552640880235653,2.108347286513279e-05,1.850233910831144,9.0
1.399834933680829,2.18066633223712,-0.2966295691993115,-0.0750438035092299,3.0376163841646644,3.9462794656019673,795.0,2131.0,4.851080825461034,1.4415759221742364,9.504315931897349,0.2164307,0.2164307,0.2064383428571428,1.6416278275088394e-05,-0.1271667,4.354370672043758,1.0981960794458166e-05,1.7579998074631502,20.0
1.3794679516413906,2.095456741658987,-0.1490445204824694,-0.443557718731689,2.8918986396437845,3.7416814491201578,824.0,1915.0,4.56280819925516,1.4014060289143817,7.587878597520801,0.0725708,0.0725708,0.0707746228571428,5.688390663249671e-06,-0.05914307,1.1007719245825611,4.912931537479887e-06,0.1252661608305947,47.0
1.757794977344952,2.9267831507561897,-0.4572622638476389,0.3583294115267413,4.193429623954604,5.518379977409413,1288.0,4867.0,6.787135349935777,0.947480758753526,6.240066059319779,0.04504395,0.04504395,0.0413208014285714,2.657207139005765e-06,-0.02923584,0.2891675100788727,2.28531762437754e-06,0.0557650801533377,85.0
1.2961574036448729,1.876914766432184,0.0871352760382336,-0.7423191402268761,2.5110400147659107,3.181138117103833,777.0,1610.0,3.8228788234665614,1.943235246261769,23.214517415259916,0.1339722,0.1339722,0.1318969714285714,1.3600626964775115e-05,-0.09292603,3.0005798622284265,8.461025052461562e-06,2.38274867907608,32.0
1.2271866543386285,1.7643218629420083,-0.2635311854478798,-0.4498400415972535,2.346920013355475,2.958693285469796,887.0,1337.0,3.5397966267195877,1.6757424879356664,19.46751966734893,0.2005615,0.2123718,0.2031860285714286,1.811270247903469e-05,-0.2123718,1.0820210375833954,1.964688255503414e-05,0.9227655131273452,12.0
1.382697641648983,2.127666731275652,0.1560663014190172,-1.349345670633155,2.933885640000668,3.790167508876761,698.0,2047.0,4.623228579182856,1.9167145953988864,10.959461707746048,0.9999695,0.9999695,0.9999694999999998,6.876690468494074e-05,-0.8106689,3.8609582544316,6.04938879367011e-05,5.09623576983426,15.0
1.3779822635254004,1.978154906154855,-0.6012670513753228,0.3591888734056644,2.613032453166963,3.269403534790928,792.0,2045.0,3.910968164154968,1.5077596348462998,24.72964035673892,0.284668,0.284668,0.2627389142857143,2.0226773897743245e-05,-0.2261047,6.593864745785547,2.221004555688852e-05,4.278601034381241,6.0
1.1353593240060806,1.590849143384656,-0.4213203734291089,-0.0753652948097902,2.081285228764697,2.59457551003578,638.0,1059.0,3.1029056870761647,1.588792433528167,23.215531109492613,0.2443848,0.3390503,0.3328290714285714,2.171881671225432e-05,-0.3390503,2.1774260285558382,2.9008543385907773e-05,4.510492836162018,5.0
1.42210515889152,2.1244110417821527,-0.4655429210962559,0.1834924138030418,2.8463328774188223,3.5932986822876205,1049.0,2223.0,4.294452754053661,1.2522080450315158,10.706338502553788,0.1096497,0.1096497,0.1057477714285714,7.929724895264567e-06,-0.09851074,0.8680271546416676,7.364451126796572e-06,0.73236913283674,10.0
1.478890917521871,2.1820284845149662,-0.625900581953366,0.4398676618228069,2.9102360521547856,3.6703178789687705,844.0,2511.0,4.3700755915259375,1.189649425808897,12.57648443224861,0.3210144,0.3210144,0.3147975428571428,2.5949601909974257e-05,-0.2533875,2.4453117333061223,1.9929352891814537e-05,1.6009082437080435,17.0
1.1740676796820884,1.6066480411004924,-0.1008705127130775,-0.2462904041413191,2.064842849271036,2.533506456026445,707.0,1206.0,2.987455266381523,1.7998391183603757,32.36063773621976,0.7858887,0.8587952,0.8304356285714288,7.674031780661697e-05,-0.8587952,5.405672147806581,7.386145073985437e-05,16.39599583646626,4.0
1.4231741966937683,2.2217332217043944,-0.0176744325533964,-0.4844307901446404,3.0745833028686804,3.958553166747837,826.0,2259.0,4.794567969478885,1.2741440786956724,5.87257598578222,0.3795471,0.5370789,0.5191083571428571,3.519703691867434e-05,-0.5370789,8.353345936298348,5.111765081368899e-05,14.27175644980624,11.0
1.558127285444936,2.357265855198257,-0.5843565590030587,0.9575863844783716,3.1530313971838653,3.9751569947511856,1005.0,3016.0,4.739808005091735,0.541070200918863,4.536914998677223,0.2775879,0.403595,0.3124041,2.4689385058716595e-05,-0.403595,5.585391338549236,2.633356922906757e-05,3.2646366275507863,12.0
1.2935096206229022,1.8915538940290288,-0.2497420373901653,0.7716262596038517,2.4932763832707114,3.11717465685366,941.0,1636.0,3.6923846521368144,0.3395333753872026,3.93402094935116,0.4214478,0.4641113,0.4152396142857143,2.4253718912874028e-05,-0.4641113,4.190951079246097,2.2778432842800333e-05,1.767404984222409,6.0
1.6167209279805794,2.539458307226946,-0.452881854986304,0.0541461688431874,3.47699628412108,4.45598102584858,1168.0,3416.0,5.3670758748107925,1.4279611867661717,16.556467128974084,0.1874084,0.1874084,0.1795567142857143,1.6209761210678732e-05,-0.1796265,6.9300961661202845,1.478953916743985e-05,0.9674221977951032,9.0
1.2442503540311138,1.7723879747989897,0.1988034572174099,-0.836050156593769,2.3386848516341194,2.930952176456591,551.0,1436.0,3.505125080496652,1.9969851304334136,28.06008288278425,0.6446533,0.6446533,0.631295342857143,5.696599179356211e-05,-0.4403687,1.239194650439035,3.960997625201834e-05,0.682451779519369,13.0
1.591518776692384,2.539486103476973,-0.2359564406177215,-0.4751441682348593,3.520196805768835,4.546619010250229,1020.0,3212.0,5.516719989787115,1.5242701132720295,9.823382941133527,0.1123352,0.1325378,0.1283874571428571,1.071358505018871e-05,-0.1325378,0.4795403083887022,1.147760704811503e-05,0.3469119621458669,34.0
1.321311726660894,2.001184333518388,0.2755220466087233,0.6367509583927432,2.7288232420022114,3.4831931037428125,708.0,1753.0,4.185432474596855,-0.2482380619365712,4.825069290291176,0.7913513,0.8473816,0.7862548857142857,6.289187782214171e-05,-0.8473816,3.862762875560036,7.016737596805727e-05,1.7324267595319751,27.0
1.4512926792236065,2.1785400759535234,-0.1567528370059177,-0.1372497004057019,2.9528286500755643,3.764085366984326,998.0,2366.0,4.522783659503695,1.2463531734719606,6.716282250378314,0.9653015,0.9653015,0.7954537285714285,2.8698233158707008e-05,-0.787384,4.062601425616131,2.514261130311392e-05,5.424557294910215,14.0
1.4311567048554157,2.2011502636780635,-0.0135945852153165,-0.7643608623518623,2.995956572247378,3.8317316419361087,957.0,2221.0,4.60794710587396,1.823408187615088,20.741131061400296,0.1396484,0.1396484,0.1340724285714286,1.1819077672526015e-05,-0.1221008,1.6077850605760549,1.0352514353930092e-05,1.6313504586053469,23.0
1.2795321908962858,1.8665229616603536,-0.3307210214521222,-0.083479068841396,2.4974524982983657,3.159790106347107,905.0,1571.0,3.7904127066968263,1.2552480478762889,10.72481811889348,0.1462097,0.1462097,0.1432756571428571,1.0534485830161616e-05,-0.1391296,3.492823038992982,1.0595941441863045e-05,2.683563058837359,12.0
0.9921265528378388,1.3118527125182076,0.9364942882203352,-1.648675571462787,1.658786966738838,2.0230838261242954,501.0,616.0,2.391744605946923,2.27220415617728,41.9627998706039,0.6717224,0.8276978,0.8158133285714285,7.523458637198121e-05,-0.8276978,5.238566932373888,7.229745687300772e-05,3.589016643794283,6.0
1.250468794404934,1.8333268607196365,-0.0152132994884521,-0.6803126000793859,2.4651303606031174,3.1337879577071988,710.0,1474.0,3.796113919678973,1.8325023275866252,17.793190472146925,0.2790527,0.2790527,0.2758265857142857,2.684425307143312e-05,-0.2495728,3.736416274543184,2.448608155493948e-05,1.6543099506219474,4.0
1.4393828071120955,2.2558493910615547,-0.2866807015147346,-0.7042263255511143,3.130238989510799,4.054084049312838,979.0,2274.0,4.93926812074567,1.5218615417149617,7.9905171299082625,0.1367493,0.1996765,0.1900111571428571,9.801985206361832e-06,-0.1996765,1.5567174433934274,1.4116737682176622e-05,0.409171825859963,31.0
1.2244651229958523,1.7058480593958951,-0.6213027312441756,0.4564052325107677,2.220300665067908,2.751645184559533,685.0,1366.0,3.258095836038242,1.1652138844852804,10.449308714716553,0.3968811,0.3968811,0.3807067999999999,2.690487736203959e-05,-0.2805176,2.8598805107447403,2.398162375448405e-05,1.553265120054531,14.0
1.7914910671037927,2.9905920050760733,-0.6650688304145391,0.7671984059090408,4.283896151038968,5.650424531759553,1363.0,6123.0,6.990372905703614,0.8237053882842548,6.205383235070465,0.06228638,0.06228638,0.0602722185714285,3.984110124385453e-06,-0.06176758,0.3390650016386182,3.89351442181794e-06,0.1057225114170763,52.0
1.377731037805931,2.0994796317559405,-0.3511123200994627,-0.1454734854855962,2.886050076364459,3.71450428022157,763.0,2004.0,4.519987391756629,1.5249494045095238,12.238512084716929,0.2861938,0.2861938,0.2743748285714286,2.4611317506740943e-05,-0.2117004,2.324816461347024,2.082606518955471e-05,1.7211186852668006,13.0
1.5391054746839892,2.4164328525186742,-0.0408192713363717,-0.4480988175436746,3.3618373958501886,4.35631633839465,636.0,2892.0,5.318293566907169,1.4921437144857606,8.627847221285993,0.1899109,0.2366638,0.2279968428571429,1.904172738579172e-05,-0.2366638,3.015053116086479,2.002259517150609e-05,3.062943574380151,22.0
1.4948093005517893,2.176729660418996,-0.6340380159692478,0.4264068645017814,2.9032955064278143,3.664971490312422,892.0,2601.0,4.397813391933735,1.429887109724011,19.332498117874824,0.09002686,0.1265869,0.1230032714285714,6.8878814959162136e-06,-0.1265869,0.6967037326721699,8.343430332929799e-06,1.3589901270153768,25.0
1.3459140649118155,2.018862356631201,0.3902863078793899,-1.1074761642363142,2.755261759360905,3.5344110073634694,656.0,1834.0,4.294640267405917,2.1295341839638016,28.152996779818025,0.3106689,0.3375549,0.3188781428571428,2.5654663242831677e-05,-0.3375549,3.30519059139089,2.231147220593956e-05,0.915816325650366,26.0
1.7866486118679998,2.9780892692513268,-0.5985413827933064,0.9483783437845372,4.173243069770507,5.430423181181203,1386.0,6581.0,6.667559496509252,0.8137759911187621,6.6456401408828265,0.09280396,0.09280396,0.0889238642857142,7.92312294182503e-06,-0.08078003,1.809701766157125,5.908173701608658e-06,3.721048838044181,21.0
1.471575242683904,2.369052123488409,0.2339823428045714,-1.1414937417768414,3.344493175706508,4.378866808845766,1043.0,2539.0,5.437742153678871,1.742291568923904,8.244809691241741,0.9999695,1.0,1.0,0.0001459457446216,-1.0,34.62311583745128,0.0001440816627949,19.57545287091652,3.0
1.223449045540116,1.786662257943561,0.961528704058232,-1.374666449910725,2.399329258608037,3.0454564577778687,574.0,1365.0,3.6825845213214574,2.2619078000527173,51.59503334446943,0.7745361,0.9992676,0.9805690285714286,6.896590079370975e-05,-0.9992676,12.02419359527091,7.250681596784796e-05,3.601704992151137,13.0
1.6932760266894045,2.804966599452136,-0.0752248001991715,-0.4557240403903391,3.974349939453872,5.200028046034151,1057.0,4131.0,6.365988212720878,1.3959232607633094,7.237571733624367,0.1998596,0.1998596,0.1914934571428571,1.3961381382395416e-05,-0.1555176,1.8369269195196047,1.0115453306122388e-05,0.6185294569872484,20.0
1.2671980908646057,1.850920163083993,-0.0191520306975543,-0.7839261126811942,2.472932460316953,3.126413748130517,903.0,1524.0,3.749409649698885,1.7849897459457826,14.78719509955746,0.1537476,0.1537476,0.1509922571428571,1.2638432666055434e-05,-0.144043,3.313480178500272,1.3897665052781249e-05,5.0777289071134994,16.0
1.217945985270544,1.7279580548168323,-0.0640487126595772,-0.5886469235675559,2.272944273863018,2.83642205253409,799.0,1348.0,3.384114127949222,1.833804444921679,22.281226136745016,0.1751709,0.1956177,0.1914454714285714,1.5960548018707602e-05,-0.1956177,6.339655741286035,1.5525045207505147e-05,3.32941917584608,5.0
1.3508052785638822,2.038633549812697,0.148838714980293,-1.6787240649468953,2.7849329863168832,3.5740316705065625,811.0,1835.0,4.338244577311695,2.08206306122712,16.45396552547523,0.2171631,0.2171631,0.2108067142857143,1.554964484457263e-05,-0.1298523,1.06408046754485,1.2171499278689727e-05,0.2984608455043001,21.0
1.7916981527269045,2.963286215307678,-0.2084962570402471,0.1545825466559445,4.121087480088325,5.321913483016348,1500.0,6187.0,6.492209208538929,0.9431986270750508,5.558072119767006,0.1350708,0.1490479,0.1219264428571428,6.950507985655064e-06,-0.1490479,2.3723547301508345,6.89757544291626e-06,0.107814017891744,28.0
1.546452767127513,2.4475231723442805,-0.0257625711069072,-0.3211482191622491,3.420276334685857,4.447855080517963,677.0,2913.0,5.445013663482585,1.561873628446908,9.84754526646922,0.09674072,0.09674072,0.0944039485714285,7.15221512999014e-06,-0.0670166,1.206165743237405,6.320601382654069e-06,1.4362282753884326,24.0
1.3153138978952348,1.953286529009892,-0.0177802707061674,-0.7532200202619964,2.633226247949083,3.3471135810226045,787.0,1702.0,4.022610280109799,1.876432777177024,19.590792626102967,0.2634277,0.2634277,0.2399771571428571,1.909232911042598e-05,-0.1625977,2.169894575320088,1.4765732116494848e-05,1.3460723315821457,21.0
1.487792785031409,2.2444652852600258,-0.743646353405118,1.062502310803705,3.020203055248596,3.827638476274416,946.0,2571.0,4.569529303360646,0.8502418572472761,9.02650143434679,0.1374512,0.1822205,0.1776253857142857,1.4388382932115708e-05,-0.1822205,2.5777090539867045,1.5218642627107404e-05,2.3653477134068366,13.0
1.5739168614553352,2.503584504792748,0.1605976917894264,-1.145793549261021,3.5137885196548684,4.582244832231424,852.0,3067.0,5.6106469047592125,1.880878220992077,11.591698517536418,0.1341248,0.1341248,0.1277030142857143,1.284932287459346e-05,-0.1315308,2.0004444597932243,1.0816326062682655e-05,0.2852746583847649,50.0
1.6796595098592888,2.698696755441177,0.6821314087637645,0.3863372942778887,3.7857282810431983,4.929507134483446,1058.0,3955.0,6.006626299579443,-0.0614003735386598,13.342786590042902,0.3766174,0.3766174,0.3296901142857143,1.7203447464233866e-05,-0.3580322,0.8915731938878807,1.5438795588372316e-05,0.1233532024053795,28.0
1.5787999879466268,2.519159386135682,-0.2969110156129685,-0.1169872075322311,3.533639858876776,4.605424081216206,864.0,3103.0,5.622553706345541,1.501280214452439,10.82440687052212,0.1502991,0.1502991,0.1358991285714285,1.1514477563356214e-05,-0.08135986,0.4023070421978489,7.718470066360749e-06,0.2722878524848168,72.0
1.4127598560098336,2.160074856774537,-0.5320865465744327,0.7046673992658842,2.9538848558609,3.776387052331648,970.0,2204.0,4.541946193968762,0.7640086476307197,5.45775624821197,0.5655212,0.5655212,0.5475856285714287,4.397684358999417e-05,-0.3894653,6.887946468307826,3.200754520462318e-05,2.7096044458213897,8.0
1.150494614524007,1.6336461797531068,0.0572130419801025,-1.0149129020649237,2.1662732258732795,2.723023452170489,601.0,1104.0,3.2775859206213585,1.915812313268629,16.302417753061423,0.5205078,0.6013794,0.5636334999999999,4.2316842026218986e-05,-0.6013794,4.184827428175177,4.141545220464581e-05,6.076754117653522,4.0
1.4159378349114715,2.002331470899586,-0.2342689364384849,0.144921494103019,2.621067818333621,3.2547077574334184,703.0,2228.0,3.8655884530374776,1.8058100860490072,21.408591018761392,0.5755005,0.630127,0.6166469285714287,5.740549260449067e-05,-0.630127,2.362435234485662,5.177694223331442e-05,4.638534906575765,9.0
1.3741296827165714,2.0179101868621814,-0.4307534120882191,-0.1505530155991832,2.6647480031282997,3.3315464107890067,1128.0,2000.0,3.956211511852082,1.4794326896332983,18.47400028824256,0.164093,0.2026978,0.1967424714285714,1.2531708951753012e-05,-0.2026978,0.8282053818974134,1.3798476345684762e-05,2.168015709821677,13.0
1.5019041498000774,2.2906896672450263,-0.2161436821695648,-0.2248597199004499,3.127373016072293,4.002442637683065,1022.0,2643.0,4.826576878840557,1.3092170655761994,7.216578182561816,0.1766663,0.2322998,0.1904994428571428,1.5028603779775154e-05,-0.2322998,3.2182358741904045,1.6933998658165215e-05,0.7858952333858856,18.0
1.2370712388059977,1.8068348075359912,-0.1703165358673558,-0.9374008924506742,2.4243171570386632,3.0743620472211632,695.0,1433.0,3.724909073249884,2.074523059947303,18.658480221814106,0.6880798,0.6880798,0.6683306142857143,5.247944211497967e-05,-0.4131775,19.033119674305343,4.336079615027456e-05,7.28342796290461,5.0
1.279584411780074,1.8935620608387933,-0.0460750519861274,-1.0029301297269042,2.55571079453953,3.2529577431808017,894.0,1562.0,3.9150772846665705,1.7505672559884256,12.289649946158375,0.1394958,0.1394958,0.1290021714285714,1.1916875544116489e-05,-0.1094666,2.8862640947623706,9.690372961766316e-06,1.5325533409224843,13.0
1.7464014846898754,2.719314490788724,-0.7641300982296938,0.6951598739410493,3.6783071051197496,4.667029479996843,1230.0,4758.0,5.612677299436158,1.1333396919993104,15.421123581065828,0.3605347,0.3605347,0.3423243857142857,1.9907666505744124e-05,-0.2086792,1.825178538984112,1.718650782643561e-05,6.266261186925934,17.0
1.788330563384109,3.0793803074579893,-0.1698772942164925,0.1844931049168947,4.427715574617496,5.862337943998231,1518.0,6484.0,7.260943602765253,0.8866905445943764,5.41653530901345,0.08288574,0.08288574,0.0728236614285714,4.384689060936969e-06,-0.08215332,0.4483674797690758,4.594386703240317e-06,0.2238555562716213,36.0
1.6919401957093942,2.6994880608761576,-0.6005083227931703,0.4266784197070726,3.728761020440502,4.80029201640497,1075.0,4099.0,5.824319321672935,1.3116234156761184,14.158827455282712,0.2279663,0.2279663,0.216047,1.4837884774070648e-05,-0.1969299,1.0475010013397623,1.2070888611199327e-05,0.6664421254192112,22.0
1.4375572938839691,2.154764202828088,-0.3926924926009455,0.0875708670312865,2.9323036714076376,3.7493675026202937,773.0,2301.0,4.537903230505252,1.5163804164349224,13.54906199323604,0.1689758,0.1689758,0.1538347428571428,1.2304999526500309e-05,-0.1412048,0.8174875524898471,1.393001636021338e-05,0.9171482823325976,23.0
1.763738624580332,3.0777560086541467,-0.1469258918670168,-0.2519180746490858,4.388509896110276,5.760617232955122,1378.0,5069.0,7.105819537704477,1.1515640895943735,6.820394205949082,0.07565308,0.07748413,0.07259696,4.08173996046995e-06,-0.07748413,0.4163978592662731,4.078328756013383e-06,0.2113405621264942,41.0
1.3155128115566186,1.959769440634364,0.2892428312134024,-1.062787608007134,2.6495547972843827,3.3664169276870024,789.0,1725.0,4.048936403294633,2.012203687771112,19.393521654388746,0.1808777,0.240509,0.2305603,1.763612582726524e-05,-0.240509,3.442168738095714,1.9973670999433944e-05,3.1045213875131625,17.0
1.122918352875629,1.5896274143896392,0.7317606217680781,-2.647375885814587,2.1055193627059414,2.6531227991770354,555.0,1000.0,3.206147908913489,2.6650782080809243,25.44244468822787,0.5306396,0.6418152,0.6337411142857142,5.946555636169663e-05,-0.6418152,1.7632982176265402,5.592036555232726e-05,0.1374931084555808,15.0
1.14845382187264,1.653000490302756,0.6678440637175643,-2.3095541803368973,2.2057179522890897,2.7971144326442428,631.0,1106.0,3.402883959347392,2.5335092847009646,23.9418619050549,0.6576538,0.6576538,0.6081455571428572,4.870110715072927e-05,-0.4263916,2.7663131154780136,3.630229829046856e-05,2.7522685718501942,2.0
1.326639055525997,1.972938130750153,0.0671665514977836,-0.7775236454012215,2.655579212273736,3.364509172808533,910.0,1799.0,4.048526822698964,1.8919865474347577,19.71228516001007,0.2434998,0.2746887,0.2628348142857143,2.08667749122987e-05,-0.2746887,11.85038361634637,2.4780504208057637e-05,13.37301217246909,10.0
1.3191312218504392,2.012771639188948,0.1454574176365778,-1.3889678287872833,2.771578573561598,3.570511079280698,758.0,1771.0,4.3550700912070175,2.0152590356148394,17.075924545459134,0.9555664,1.0,1.0,9.04951198727922e-05,-1.0,23.148644239266805,9.048978930100054e-05,19.15803765804241,10.0
1.5180146293788044,2.335713391466641,0.1185639954856781,-0.9065922093951632,3.2137963499090505,4.134424652780709,975.0,2700.0,4.996443237489993,1.9562797268893397,19.317664869172397,0.1601563,0.1859131,0.1779349285714286,1.1880626176423845e-05,-0.1859131,1.2351358784979722,1.332170959396074e-05,0.5886943652825751,28.0
1.6750896435608928,2.5422526709892184,-0.342040189216131,-0.1013522836603529,3.441272029645251,4.361918648330844,948.0,3924.0,5.24668168155018,1.3912856639400286,11.052916672485038,0.2302551,0.2302551,0.2104579428571428,1.4925746994634572e-05,-0.1209717,4.388950905578536,1.1273857122371729e-05,0.1894125985679332,10.0
1.5275115274397135,2.27042733722702,-0.5690108148993022,0.2469954221150764,3.0429509976659093,3.840870039467615,913.0,2834.0,4.595349866594938,1.4651860746229384,23.32331810634296,0.3603516,0.5924072,0.5756443571428571,2.2008476806432543e-05,-0.5924072,6.214709470392681,2.943210104422407e-05,3.5894420771968525,9.0
1.1040399930873537,1.5463829707648795,0.6090371285889724,-2.3241557342351293,2.0263872580875413,2.533640046015214,469.0,959.0,3.051377879752573,2.559864718638871,27.30298161144873,0.9999695,1.0,0.9981515142857142,9.052848549787916e-05,-1.0,6.035314816922804,6.5552813526397e-05,1.0070831041800965,9.0
1.5544718855953867,2.3268828141678712,-0.1532658719015965,-0.2410004318326534,3.1561125471055878,4.027273779584682,923.0,2950.0,4.859034239938415,1.3174446559469697,7.621969262923266,0.1448364,0.1448364,0.1007559671428571,7.636950079667299e-06,-0.08813477,6.473640962596485,6.438079496397992e-06,2.252533968965268,31.0
1.3749137755413126,2.053391732432015,-0.2254599203370434,-0.2279416346755258,2.7791938718164837,3.5341386952791005,684.0,2024.0,4.274080371009594,1.7453950464480752,20.1706692898354,0.3678894,0.3678894,0.3418535428571428,1.704598221165267e-05,-0.2514954,1.0038749109954657,1.5138259899138775e-05,5.066731013084061,7.0
1.2016965439356877,1.6929474228330907,-0.3240967552249285,-0.1717247062070205,2.221999768395095,2.7807075651187265,799.0,1277.0,3.31706172496399,1.6217328925527503,15.940352595746123,0.1115417,0.1115417,0.1112714428571428,1.001309390051132e-05,-0.1026306,2.3425342553915858,9.0847279005861e-06,0.3666216726573426,15.0
1.1511756140525409,1.6480178746471723,0.5324142224437062,-1.167396457798065,2.188037498740612,2.7582335496365387,667.0,1114.0,3.337461059494365,2.2168391854039364,34.08753117255641,0.5103455,0.5645142,0.5506417428571428,4.158823144244413e-05,-0.5645142,4.360853267541988,4.783011996773218e-05,3.285037094320098,7.0
1.1920775549073044,1.7211208058806604,0.1092960657112159,-1.1761984431105263,2.3035518239645887,2.9196865306600337,840.0,1217.0,3.530095649948989,1.9744910361688583,15.381691918334877,0.1272583,0.1272583,0.1257803714285714,9.80324670211954e-06,-0.1267395,0.6847756531037705,9.613564194691248e-06,0.8326534919976234,14.0
1.3461945515946925,2.023800043493092,0.1585058121207682,-0.7708262420345664,2.760913718459616,3.5406473997410552,804.0,1874.0,4.303768473208471,1.8667686862919504,18.29808876797998,0.3200073,0.3815613,0.3622567428571428,3.165643848523439e-05,-0.3815613,4.838897144516738,3.273352766706778e-05,4.514966021051396,5.0
1.3513651044656876,1.9960929048171407,-0.223606684868254,-0.1924950896411521,2.69186550774798,3.417777419251106,772.0,1879.0,4.116859903619354,1.6368873078305508,14.1728317322982,0.2971497,0.2971497,0.2916129142857143,2.253810195368925e-05,-0.2879944,0.8689869477101054,2.432734371226607e-05,1.5973382754053382,15.0
1.7823401464739046,3.0220322274996145,-0.5425576082777233,0.5850208609998093,4.332426810193597,5.723113564236998,1234.0,5490.0,7.079291341058438,0.9809458552933848,6.780847391110696,0.037323,0.08001709,0.0758274628571428,3.926774927596296e-06,-0.08001709,1.141542660661049,5.488117719545319e-06,0.2472797061652825,61.0
1.2899344594402855,1.8748105085585487,-0.0982540750103245,-0.5163087092819947,2.5020609293891245,3.153388780786968,757.0,1632.0,3.7781928765766537,1.8081888310925096,16.882644345940506,0.4291687,0.4320374,0.4274292,3.826873588079539e-05,-0.4320374,9.476866318399246,3.544300411189116e-05,6.155696029188651,15.0
1.3911895737861066,2.0861995175367323,-0.1119309876966863,-0.5486934430432837,2.818104501253908,3.594588545357384,936.0,2006.0,4.310216176755104,1.4624277927240104,8.323821111819594,0.1091919,0.1231384,0.1149597,7.945195567926351e-06,-0.1231384,0.8397031968115802,8.51128137272897e-06,1.1742392308957494,17.0
1.5095574717123543,2.338567933581205,-0.4249173263793617,0.198425057422191,3.228303699630126,4.162125578387121,972.0,2693.0,5.045680506464832,1.187124271003926,7.596636612444285,0.1105347,0.1105347,0.1086949142857142,8.853811861197488e-06,-0.08740234,0.6414880748048746,7.304348371033558e-06,1.829120341563411,25.0
1.4169445336378748,2.0643694211325894,-0.3546387503677375,-0.1277791907061515,2.748948508722878,3.461057306042977,792.0,2216.0,4.144726128863087,1.6516832461902466,21.059621776361286,0.2277832,0.2277832,0.2230660571428571,1.901285467245812e-05,-0.2220154,3.143787564929432,1.9748534379811544e-05,2.923688744937804,5.0
1.2495592207847388,1.7955345805148617,0.1232231841870055,-1.1365949550951917,2.3863821788822714,3.012787420855381,901.0,1413.0,3.606483169016852,1.9970313407356597,17.64788118824703,0.1529541,0.1529541,0.1436723857142857,1.0348460637684251e-05,-0.136322,3.157229127047098,9.043566330840718e-06,1.954258805087504,32.0
1.5939980463342067,2.436671061773548,-0.4870278373962127,0.2342052110925812,3.3273686769793267,4.250117412525168,1017.0,3261.0,5.131279563795062,1.2840393613587624,11.27677736415764,0.1609497,0.1982117,0.1907566571428571,1.0191466662715726e-05,-0.1982117,3.3803380266466934,1.3222172943218651e-05,0.7500357395021688,13.0
1.296743967666912,1.888967056806835,0.1391206631593024,-0.9674726219022084,2.532258299510965,3.2135919651466245,807.0,1627.0,3.864860966725957,2.0457666229300684,25.5946102282474,0.1635742,0.2082825,0.2035696857142857,1.1791475892125069e-05,-0.2082825,3.0171651391483807,1.2787397860612313e-05,0.9056298259988828,26.0
1.7172293600132127,2.805974620722397,-0.5625489503024167,0.3435739335357318,3.9462130747919097,5.142548046120161,1258.0,4379.0,6.286443857085021,1.2004578415232268,10.32030836430014,0.1265259,0.1265259,0.1232256285714285,9.508975905459594e-06,-0.1167603,1.0044118429703115,1.0583210066651276e-05,1.9675345920807144,21.0
1.4968416543622138,2.2991967349679863,-0.1981944968328441,-0.3519488928928494,3.1584417010817063,4.050814676634338,819.0,2622.0,4.905429592944024,1.3454482858001662,7.468770917782925,0.208252,0.208252,0.2051130142857142,1.5361352382963935e-05,-0.2072754,4.122244426277538,1.5947663919480016e-05,2.0055640990954045,20.0
1.5398464390172528,2.3744148125442885,-0.415412401344807,0.0333780006122562,3.251870512634966,4.1794064334449565,1043.0,2851.0,5.046580190653992,1.4044634242346088,13.190902987286291,0.1067505,0.1235657,0.1210763285714285,8.714631371599682e-06,-0.1235657,1.9739120933664331,9.727965199962885e-06,2.353071721384992,25.0
1.2617593233589544,1.869175413010977,0.1640879022400234,-1.1621115576826937,2.54708263809953,3.259654360531743,820.0,1435.0,3.939302052428512,1.7090609928628802,8.622708659879414,0.081604,0.081604,0.0734078528571428,6.821988908074541e-06,-0.06817627,1.4032934709375344,5.888745406935368e-06,1.4920077311090956,25.0
1.4811483970299124,2.2629737475540823,0.2119651586945299,-1.144305781053314,3.099103335279643,3.970589577605665,760.0,2559.0,4.803842112026559,2.0510983225889947,27.5696470955943,0.9999695,1.0,1.0,8.602320534579026e-05,-1.0,4.494592634499854,8.535301289625911e-05,6.985658720994768,22.0
1.727501178563542,2.982591566874694,0.524031770610402,-0.4397347063456154,4.442512215223569,6.000254615584755,1391.0,4557.0,7.544507470819497,0.7579547657895445,8.514178133581236,0.9999695,1.0,1.0,9.536093460510024e-05,-1.0,18.15620008468526,0.0001132456757084,1.907874904318581,3.0
1.3218933419297718,1.945982399984187,-0.2527131714256108,-0.2849865515571255,2.618400264047366,3.3251872217460168,636.0,1759.0,4.0033576238048605,1.5744348716912095,14.827148739630056,0.7429199,0.7429199,0.7096644714285715,5.583557225690223e-05,-0.494873,6.21910080658096,4.584035480406325e-05,0.8400740003594384,15.0
1.3046929388134012,1.930909939389557,-0.4894463697368685,0.1379793100159514,2.603915097768569,3.3022628754501806,832.0,1673.0,3.965235124546102,1.311063993753247,9.01157132506892,0.2382507,0.3184814,0.2933829,2.035421632789096e-05,-0.3184814,4.081017194312965,2.236221762292906e-05,2.052425427106835,12.0
1.4852568280834633,2.230612111983474,-0.5499269649532614,0.4977155392800637,3.0295914966031017,3.869930274836933,928.0,2541.0,4.667275434023631,1.1535927554432976,9.356288125594611,0.06680298,0.06680298,0.0644705642857143,5.459306394393049e-06,-0.06314087,2.530643976894824,5.392898776442857e-06,1.1323034430908028,22.0
1.5594272896606305,2.2932713169962886,-0.642364917585041,0.6048940760476584,3.048031381346215,3.82446436358772,967.0,3035.0,4.557072638786303,1.262594149561698,19.129555912708085,0.2573853,0.30896,0.2911551285714285,2.1559357061648272e-05,-0.30896,16.533407750774394,2.3550191480816984e-05,0.8470657733865175,10.0
1.4648189545394568,2.071504892525786,-0.6028866822877573,0.277683571418149,2.700819273026265,3.3500100816355296,973.0,2456.0,3.9562821139461697,1.3498878124150786,18.73147631591089,0.2113037,0.2113037,0.2097037285714285,1.509636200624176e-05,-0.2105408,2.235650313766409,1.6827116158130915e-05,0.9002613510813242,7.0
1.0802451211393955,1.5077425499828034,0.4024454543453296,-2.392963756727108,1.9723981472491483,2.4611952119149043,534.0,892.0,2.9717341655973204,2.577795749058964,23.64724170537534,0.9999695,1.0,1.0,0.0001138483401721,-1.0,11.278354266983644,0.0001083202477102,24.70189678922341,3.0
1.595746887722382,2.478575042481385,-0.4603125227947717,0.2337033081564385,3.358499565726308,4.2711651297548805,1142.0,3252.0,5.131132191971194,1.2721365361717565,10.395300864067046,0.09634399,0.09634399,0.0895429328571428,8.137417930479082e-06,-0.0657959,3.054176904919455,7.10573465672818e-06,1.6534464566272076,30.0
1.2482337064954427,1.81498709538844,0.2560086484063493,-1.1213727446790502,2.4267128631149806,3.076836007199065,787.0,1439.0,3.7033603207805914,2.089424399948968,32.19546777084493,0.2902832,0.2948608,0.2893022857142857,2.2347077225845406e-05,-0.2948608,3.6574742904943593,2.3434450684006106e-05,7.226738965638192,10.0
1.3598300616859005,2.025964061050244,-0.1230264484866291,-0.6240329117299522,2.747589140115369,3.508229215101017,744.0,1903.0,4.2378727706199,1.840119905938434,23.95014597471396,0.2915955,0.2915955,0.2874319857142857,2.561532199696038e-05,-0.2533875,2.996447932677414,1.9721463521496345e-05,1.3114481481722329,24.0
1.5734510850322336,2.403883644762433,-0.5491462681952087,0.9181223096133756,3.287834935009674,4.212681509775118,852.0,3097.0,5.097830107986511,0.8204708865584552,4.709829014556494,0.3110352,0.3110352,0.2216709714285714,1.4929726127885847e-05,-0.2227783,0.5782614460206534,1.194066155152076e-05,2.0971024384561257,15.0
1.0857353634108298,1.5023123339913975,0.3909028932018639,-1.651804127474089,1.946234077815569,2.407420590421749,575.0,915.0,2.8712047843731447,2.234726665960985,20.35576862343408,0.9999695,1.0,1.0,8.698200495853269e-05,-1.0,5.242909885646834,9.420461321544784e-05,13.192532990482508,2.0
1.2542690897726854,1.8468261221424689,0.3990864246796514,-1.85123940484842,2.4902897227314447,3.165438604849794,654.0,1483.0,3.823133997120872,2.342729781111065,23.777743938972044,0.4043579,0.4043579,0.3678370714285715,3.2242281715206576e-05,-0.3244019,1.132255620629543,3.110329973799377e-05,1.58988546699542,14.0
1.4532642471504402,2.219785158499541,-0.0829773493966078,-0.5991660900209957,3.0477389800798256,3.912344465338538,831.0,2362.0,4.736062648065187,1.7452145935801002,15.308003165167316,0.1573486,0.1573486,0.1524832571428571,1.078440578722795e-05,-0.1124878,4.181242344317507,1.0387694999184057e-05,2.5863746431158146,34.0
1.405145458510834,2.10051032967307,-0.4406106803615404,0.7125328552648517,2.8434522321751685,3.6196476205133794,810.0,2150.0,4.359245265021098,0.729190285897519,4.41081854107514,0.9244385,0.9244385,0.7815813428571429,4.332907574659513e-05,-0.8457947,0.5143709780717847,4.189420155280985e-05,4.715806040213751,9.0
1.2395397887675752,1.7853879559743704,-0.3434570455539583,-0.1537188159266029,2.3715813379811546,2.984446289021502,740.0,1431.0,3.582218309609754,1.3002750751342538,9.222834862777498,0.6578979,0.6578979,0.5873761714285715,4.453709029647739e-05,-0.6106873,8.793808768618177,5.1778617711014464e-05,10.836082290707836,10.0
1.410548664494092,2.191933922605433,-0.0717452384079533,-0.7837393261363705,3.031573044002143,3.914327244477781,876.0,2155.0,4.755974402211296,1.695602910703146,13.3449368255504,0.2054138,0.2426147,0.2344142285714285,1.851598153400377e-05,-0.2426147,1.3240931995029377,1.957957206224708e-05,0.2664334838739119,15.0
1.3543053536524852,2.073310289850564,0.6235613111469283,-1.6946995215562917,2.858020758893882,3.6982315529827368,715.0,1898.0,4.533751796780231,2.326551929071193,19.312879743270567,0.3891602,0.3891602,0.3586207857142857,2.5981707593249785e-05,-0.2505188,2.333053255160669,2.260100126297061e-05,2.9448614198696244,14.0
1.301606856312238,1.8889471612438051,-0.1915064378133847,0.0931055512977087,2.517927780076571,3.173018809565049,512.0,1673.0,3.808152498253758,1.7176413241149115,37.64418762127244,0.5173035,0.5173035,0.4910321714285714,3.305794050798765e-05,-0.4291077,1.056230367609284,3.341833545132153e-05,1.6358856924577103,17.0
1.5365098473566183,2.336372289934771,-0.1474029903066309,-0.5023936795402942,3.1920043187240426,4.092641571198406,935.0,2833.0,4.946921063333189,1.6675761795706214,13.14700509323267,0.1852112,0.1934204,0.1864493285714285,1.4926444032002694e-05,-0.1934204,1.2016204647216546,1.3223068171715596e-05,1.74719224413566,15.0
1.61602284511314,2.4561718448689183,-0.4257460685725159,0.1073510208523242,3.32195081127182,4.214469023928141,951.0,3417.0,5.066715072116109,1.541587294877687,19.46993492662013,0.2062073,0.2062073,0.1986127857142857,1.619438469907597e-05,-0.1308899,1.9131755278292104,1.2003591240830236e-05,0.3130223720818619,30.0
1.3325908771782204,1.9368530317517088,-0.6175073086135541,0.4326700810970132,2.565166481220357,3.2202097721742464,960.0,1786.0,3.819101317071017,1.111277311124966,16.65855540870686,0.1873169,0.2068176,0.1986563571428571,1.4302527218018393e-05,-0.2068176,3.065031851257255,1.4207056405040448e-05,2.248010238486709,14.0
1.7480397496118396,2.927548620847203,-0.5379104921029586,0.4843578184936292,4.112183577003972,5.330343081327321,1291.0,4789.0,6.483508615839067,1.1079502593107615,9.329602186730002,0.1036072,0.1036072,0.0998709442857142,8.384706012412464e-06,-0.09640503,0.4708752836327624,8.427266509050132e-06,0.6803096067789304,23.0
1.2998778602891756,1.7998849165243107,0.3345243723479282,-0.8905043614804119,2.318209765346033,2.8578123757602305,467.0,1677.0,3.3859660213937275,2.255241038302081,47.74065398333333,0.4935913,0.4935913,0.4612165142857142,4.507728017409944e-05,-0.391449,7.730377886081591,3.615243143772566e-05,2.2606477033795307,4.0
1.4233136607302035,2.157743630578163,-0.0143214653585955,-0.9574585148422076,2.941502745393118,3.774433907012501,973.0,2158.0,4.550888367019736,1.6708117786115406,8.68367331544855,0.04986572,0.08172607,0.0630231585714285,4.072489758357188e-06,-0.08172607,0.1761890575768178,4.127962172893802e-06,0.7164221929087894,36.0
1.705353303998721,2.654179690340116,-0.6187468871595219,0.484920826884421,3.624027394059567,4.62427800836978,1143.0,4255.0,5.5680930588033375,1.0717075795247717,9.337402572111865,0.1045227,0.1045227,0.1034414999999999,7.704982326065237e-06,-0.1045227,2.8795447475799643,9.272444114437709e-06,1.6235931699551476,12.0
1.122350384877755,1.5809334867259508,0.3999549913397824,-1.1961446032929215,2.083005419742888,2.6153052133300947,580.0,996.0,3.155450358479672,2.1910030583049918,27.53585763510411,0.4151611,0.4151611,0.3991001571428572,3.746716286388124e-05,-0.3506775,6.507329492134336,3.499162729954315e-05,2.338523399055686,14.0
1.575249678917515,2.490665040645705,-0.5734191925257338,0.8306477483619014,3.413487164790744,4.357839785480256,1145.0,3143.0,5.22765644060743,0.7293256432207911,6.076728322817079,0.3710327,0.3849182,0.3798087,3.0298458860343155e-05,-0.3849182,1.177452049948224,3.0166785682378504e-05,4.663138206494075,14.0
1.1973267118571462,1.7437658266311982,-0.0778571465733397,-0.9957314184850228,2.3458169216438947,2.985327445637423,745.0,1259.0,3.627868395124543,1.6615049690475852,8.351752269911222,0.2230835,0.2230835,0.2160862428571428,1.78956634696465e-05,-0.2213135,2.8822901311044093,1.897633966961521e-05,4.580846768330067,12.0
1.1477655682748042,1.624374873206796,0.2858215664729549,-1.2803876135765562,2.149056821401358,2.713700177116912,779.0,1056.0,3.2625761284551733,2.099029159602725,20.816591884224778,0.08361816,0.08361816,0.0804879328571428,8.27686484842538e-06,-0.0826416,2.819346946618763,7.971860374435136e-06,2.5182733249832947,18.0
1.5917752465162185,2.3461864192309707,-0.5045291844437607,0.3360151982956994,3.118135978541466,3.912427849371002,943.0,3274.0,4.660751869318912,1.4468579092556142,19.726466764479905,0.3721619,0.3721619,0.3589346571428571,2.8952450548508983e-05,-0.2571106,3.491101030889177,1.8612675443741307e-05,2.059213627616649,13.0
1.129143463691603,1.603026182630103,0.3887731615486299,-0.5516891169573418,2.113451746321871,2.64960293567375,564.0,1045.0,3.189075790679121,1.988122152323768,34.822951900772,0.8247681,0.8247681,0.7766941571428572,6.125682145714548e-05,-0.6145325,5.138736221565863,5.333723055995407e-05,37.39382085739825,4.0
1.7030027485865986,2.742930022099096,-0.1840003865354292,-0.1078709193797443,3.8125561909322174,4.920890932475849,1108.0,4235.0,5.967019876564088,1.237534247114985,6.757861238245222,0.2252197,0.2252197,0.1988830571428571,1.5251076248863784e-05,-0.1640015,1.2110327012768345,1.2814273065845553e-05,3.231104998126282,11.0
1.3005309505174667,1.929800463893636,-0.0489976582218645,-1.519924318709905,2.604828775997328,3.3247603347750894,887.0,1594.0,4.013879624400601,1.934576239818914,11.685381023153797,0.1017151,0.1209412,0.1139613714285714,8.924698765269774e-06,-0.1209412,1.3113424082510683,9.343338578656477e-06,1.5449875373581343,35.0
1.058261160992907,1.436148966428135,0.2851749435952035,-1.77024203119677,1.8541944123774925,2.293190023710624,530.0,788.0,2.7317131418502085,2.4447582820840204,33.26670674318207,0.3015747,0.459259,0.4399239571428571,2.986035931662868e-05,-0.459259,7.158701415501985,2.8988871530130275e-05,3.222334556712108,7.0
1.088511108906283,1.4785017250670256,-0.0905292021845384,-0.5160641755588855,1.9025941852388653,2.343569690875799,699.0,875.0,2.767658339530869,1.2060424323676129,5.557694004989261,0.4750061,0.519104,0.4998474142857143,2.284151211653912e-05,-0.519104,1.1394244898917127,2.032854646670743e-05,0.9519747239693964,11.0
1.3431889658059537,1.9356330277406109,-0.4805338693415099,0.0588491047910159,2.568566844411144,3.2258433230599914,865.0,1848.0,3.850950284695136,1.4980064804343685,20.257844374971825,0.1951599,0.2197876,0.2150312,1.2458770279367253e-05,-0.2197876,4.846213711602296,1.516739443865915e-05,5.71821057451762,15.0
1.0833787414521008,1.493574370427955,0.2331054973773323,-1.8017532004379249,1.9421776208044288,2.410437034576512,589.0,877.0,2.881750181570548,2.4271387356447525,26.78674113266616,0.3688354,0.4060974,0.3836974999999999,2.8314083463401955e-05,-0.4060974,4.333723457921018,2.613589934367341e-05,12.001076753807205,10.0
1.3458701601621317,2.0060412803693435,0.0971600561587014,-0.6293908267026477,2.7196214374548537,3.474202291839458,840.0,1839.0,4.202731077700768,1.9300660935557223,23.15445080543748,0.1603699,0.1992493,0.1825997571428571,1.4676737967181172e-05,-0.1992493,3.932054397772269,1.4653702922541276e-05,1.0970732945226591,14.0
1.3314040422329478,1.969395803586532,0.2842015966358496,-0.8144582342942318,2.653945714503358,3.374401808674185,581.0,1802.0,4.05460050471995,2.0362408672163568,28.567212669612235,0.9504395,0.9504395,0.8630458428571428,6.990538851932479e-05,-0.7054138,9.493433114334518,6.044954184181165e-05,3.0824534300095925,14.0
1.142476868931615,1.5999202236645786,0.2200691172797232,-0.6213909710435668,2.096417223523241,2.6107955167128862,655.0,1073.0,3.1203727215200447,2.0383042512135385,41.53033895340712,0.400177,0.4304199,0.4237496285714285,4.1524206875945225e-05,-0.4304199,0.8713869264244454,3.7278141351148496e-05,1.2044927495341011,10.0
1.6274670348153242,2.6393106267337023,-0.3256685611756194,0.3806153767936268,3.7246787252242255,4.875230292854004,1067.0,3481.0,5.96601068214599,0.8332536766406962,4.887520688181321,0.09091187,0.1529236,0.0993913985714285,7.279657700575558e-06,-0.1529236,0.9043978026946288,7.814192136242683e-06,0.5834840274365016,39.0
1.414795732956951,2.102813830905485,0.1289618923449185,-1.1247067735513203,2.8463813069883086,3.6340214370362576,841.0,2151.0,4.388136072175261,1.795887025409554,9.901567063408455,0.08200073,0.1542969,0.0955418157142857,7.819909249642498e-06,-0.1542969,0.3609133710251862,7.508341951841229e-06,0.3720362384964988,29.0
1.18305680338622,1.7038839089642162,0.6333783258310367,-1.731674654132642,2.275904676984407,2.877782902546804,556.0,1211.0,3.473392696814829,2.3166609713489468,33.86112738368038,0.4467773,0.7019653,0.6841910142857144,3.0480246709880237e-05,-0.7019653,2.7153799906059377,3.047198013133182e-05,3.7587222886231593,9.0
1.4228307720890163,2.1248010698475204,-0.2051995558980341,-0.4055634527407558,2.860857284859594,3.620652684585409,733.0,2260.0,4.336655195952366,1.706695027789357,16.107430063433288,0.4620056,0.5050049,0.4862976142857143,3.2244947344102184e-05,-0.5050049,5.634947898942397,3.4723818729682615e-05,2.6956100017178195,8.0
1.293750810551077,1.949832874657748,0.3785963429080324,-1.3361362098461242,2.664981757834376,3.42671905797909,735.0,1657.0,4.1905853381679785,2.163963447548346,21.481156491658965,0.3785706,0.3785706,0.3710414571428571,3.183360395908945e-05,-0.3521729,9.577685970554612,2.5441522873192872e-05,4.907884776144103,10.0
1.0796273749849288,1.4725678114892626,-0.0388243679037804,-0.2533795168976643,1.9052028507235703,2.366083293400832,682.0,846.0,2.813873431327632,1.838313322206896,24.364550594175928,0.1750793,0.1750793,0.1633823857142857,1.3074796717266778e-05,-0.1384583,0.6731230117321743,1.3930363613495376e-05,1.2039491451714657,4.0
1.69945700737175,2.696487716864856,-0.2043205581848775,-0.42160125086199,3.751359972663789,4.852294043182151,969.0,4163.0,5.899589491911119,1.5654152633270086,11.72648133504024,0.1739197,0.1739197,0.1638183714285714,1.2558486427619764e-05,-0.1526794,2.751789342836505,1.2177379129122052e-05,0.7727441910215498,19.0
1.102088442124392,1.5327064029442663,-0.0840279973046971,-0.753042377606341,2.0091697115726146,2.5044884259057376,718.0,934.0,2.999484271068229,1.8911309496238733,21.50201422263627,0.1648865,0.1648865,0.1610456285714285,1.4208287157306592e-05,-0.149292,0.8329392661181743,1.4042627194343694e-05,1.1332083826233563,8.0
1.4085526094577565,2.1334855193204096,0.5668003248525577,0.1178452862922344,2.905239028825497,3.7126346367215,980.0,2125.0,4.449194521653104,0.2046664004137099,6.649856294994325,0.1954651,0.2733459,0.1724199428571428,1.1647270886289164e-05,-0.2733459,1.8979919475241367,1.1736742354014265e-05,3.955952778778432,12.0
1.166711312087839,1.6624454996471778,0.3261688134504764,-1.8539412819100216,2.208896410817201,2.788670170475961,659.0,1135.0,3.356659672307904,2.303950202280083,22.778828422362817,0.3361206,0.3361206,0.3163931571428571,2.591426188871893e-05,-0.2906494,3.413032565401811,2.590930592643334e-05,4.425420691265953,9.0
1.788777668238816,2.9218631974358664,-0.7120906334960071,1.0194915488527372,4.11089996821903,5.359791552219578,1274.0,5755.0,6.582193692000002,0.8428842340961735,6.056506405704234,0.0385437,0.0385437,0.0356837671428571,2.5691969647354765e-06,-0.02694702,0.4301476025571328,1.9876506392660995e-06,0.6951164444602335,73.0
1.4378296341771353,2.2593612649438617,-0.0131252625540477,-0.98222214013952,3.137275419808883,4.066379498325488,891.0,2283.0,4.965894223731596,1.5705949176850051,6.7589368133181145,0.2442932,0.2442932,0.2377057714285714,1.6962710386644997e-05,-0.2332153,0.4970873190985198,1.439034660455529e-05,3.9759248574711896,26.0
1.2843548681921044,1.906208495975129,0.1256585564973651,-0.987518610954388,2.5872686096955566,3.308883127146081,747.0,1583.0,4.011971541405877,1.941400499927684,16.088438418127886,0.1439514,0.1792603,0.1566554571428571,1.2481146708265238e-05,-0.1792603,1.4709899446333294,1.0988634753476467e-05,1.1213243262590913,17.0
1.2180181938418593,1.7383786050330483,0.3268192677558404,-1.3393106378529789,2.3039000029205345,2.8937239775507884,760.0,1344.0,3.470362023596361,2.092828897703904,17.092858196859925,0.2633362,0.2992859,0.2770385714285714,2.109570222468693e-05,-0.2992859,0.8110011059103069,2.506288119702539e-05,2.7548920762186184,10.0
1.3635682178243624,2.028238295177072,-0.4775733029533395,0.1178993387834954,2.7271620464648745,3.4548862506152145,807.0,1926.0,4.131895214209579,1.2885459616843618,10.54201483024782,0.2854004,0.2854004,0.2639029285714285,2.113317617449055e-05,-0.2658691,1.7386693686596868,2.1588212414556245e-05,0.8068640076446887,13.0
1.4932133536269525,2.3977253914483265,0.2222812144648148,-1.1398340457114742,3.3544497603138104,4.33909025234402,1104.0,2660.0,5.336616479802212,1.717468215493854,7.91254801591814,0.9999695,1.0,1.0,0.0001192858362787,-1.0,16.794243498985292,0.0001221449103145,42.00667490555212,0.0
1.6699809690504512,2.6537144764014693,-0.6243591732389085,0.6476542861254723,3.6770051537278903,4.74916769043168,1085.0,3868.0,5.77042986982855,1.0321320416322628,9.269719768208777,0.1260376,0.1358337,0.1289977857142857,9.480712436539078e-06,-0.1358337,2.885169793462133,1.0337396881842884e-05,1.122530648912969,19.0
1.1698071458028727,1.6763584550645318,0.5308184734462117,-1.8848188800492367,2.225603159363214,2.798604511828734,625.0,1172.0,3.359459053657772,2.3775466042596047,29.469469377385256,0.8347473,0.8347473,0.8046788000000001,6.30042583381438e-05,-0.6690369,9.384500058554169,4.859691195324599e-05,1.245018703417246,5.0
1.1468027172090327,1.649340194674191,0.9143432679620812,-1.9246480250167048,2.201114663895156,2.788001722788208,630.0,1113.0,3.38845482680129,2.4564603942998438,41.37311326808869,0.7604675,1.0,0.9834812857142856,6.666088422725878e-05,-1.0,2.308978647951637,7.712394076825988e-05,6.7110131301847975,12.0
1.097878244290745,1.5453685858100568,0.4033259454541771,-1.7163865162171346,2.0375348968223665,2.5560811534646715,646.0,945.0,3.090991901205362,2.2995887291225894,24.228556209502827,0.3702393,0.4005127,0.3806457571428571,3.0825067054837056e-05,-0.4005127,3.287091880155312,2.855950073960142e-05,9.23043886711542,9.0
1.6658056788037574,2.6625570961900973,-0.3889907694714671,0.02031068640918,3.71755003705058,4.815905086194537,811.0,3871.0,5.871138569345703,1.4821297613761573,12.916695788858696,0.296814,0.296814,0.2744271571428571,2.103196896583104e-05,-0.1946411,7.599868578626186,1.7919672749583152e-05,5.860738367102353,5.0
1.1384137408479016,1.586840563383101,-0.2663262594972885,-0.6898843476651465,2.080254803325307,2.605398568337595,718.0,1025.0,3.1199205751762094,1.7861933143226252,18.791964271525185,0.187439,0.187439,0.1840994857142857,1.695667642820216e-05,-0.1440125,5.854468850207566,1.1981102752805518e-05,2.6116525102389136,16.0
1.3944202283052414,2.107523699274972,-0.0721154633016778,-0.9182850671010278,2.8625966774903726,3.652596689884253,773.0,2098.0,4.400161942554987,1.734430231354896,12.156547686228247,0.1634216,0.1928711,0.1857343428571428,1.7165698114241663e-05,-0.1928711,4.101718216992409,1.9204472040299435e-05,0.5168680969404186,12.0
1.3371127441574162,1.97551454744082,-0.0952820910261827,-0.5456369707123607,2.6576448821479204,3.3690775729714204,601.0,1825.0,4.028197767878383,1.8886212011672563,29.854670526719826,0.9999695,1.0,1.0,8.879349331181592e-05,-1.0,10.412321269059625,8.099646080285923e-05,4.938417600559196,13.0
1.341071266580816,1.9335698626370608,-0.1936814434168817,-0.2971484655798417,2.560512696140234,3.208902832083072,865.0,1860.0,3.836243283808356,1.686720312899749,18.93820548447433,0.2076416,0.3578186,0.3451320142857143,1.711243084174363e-05,-0.3578186,3.1621347623237086,2.4698047238319105e-05,1.3210931620745736,11.0
1.6628121952138335,2.687600909281725,-0.5851870546546888,0.6233902159944358,3.737118691979647,4.822758243122528,1045.0,3855.0,5.850960977950123,1.0896628768982248,10.027018001575405,0.3963928,0.4086304,0.4007699142857143,3.0873603294421134e-05,-0.4086304,4.471689119083655,2.9079066340565752e-05,0.505675853549594,10.0
1.4110962318572915,2.1352890476813142,0.1237102826877228,-1.0763689292686345,2.909612014024852,3.725264385495149,960.0,2117.0,4.513838937491087,2.002028734516636,22.98385275715171,0.1532898,0.1532898,0.1420375285714285,1.400073553376159e-05,-0.116272,1.7646559538144244,1.2862491932820767e-05,1.438295434728473,26.0
1.766573351592576,3.0584583918188226,-0.228785757178789,0.5062840943357974,4.426902444112736,5.882256276782439,1315.0,5109.0,7.292155724262293,0.5701016944808077,4.298781527198024,0.06774902,0.06774902,0.0563834057142857,4.886468080739067e-06,-0.06100464,1.2990642109853523,5.067046876446145e-06,0.2517451356407521,49.0
1.7526841101115418,2.7755446537975508,-0.5655888523384061,0.4807454625403242,3.782723652399973,4.820103778114252,1280.0,4903.0,5.814301783071981,1.0596792125176813,8.366831634667493,0.1039429,0.1039429,0.0968845914285714,8.489466595388008e-06,-0.09277344,0.5407182153620254,9.261626512809791e-06,2.267700584673749,15.0
1.7217566808567375,2.7295533156111027,-0.5667296547794517,0.3569974426852202,3.774042538135775,4.8489100167242345,915.0,4473.0,5.895734817260762,1.3598852648120685,13.082301069006906,0.3713684,0.3735657,0.3687831285714286,2.6768381500679343e-05,-0.3735657,2.7942571642201512,2.2012076968892254e-05,3.701181605305477,13.0
1.2100071873181646,1.7244108703443397,-0.1570838389766737,-0.622846967810093,2.2784021477055187,2.8541915450651327,762.0,1314.0,3.407341985194645,1.7444081598420262,16.95194364263276,0.1805115,0.2715454,0.2611214714285714,1.507564340260288e-05,-0.2715454,2.2801192716928123,2.0607181853127796e-05,1.8473760199721423,6.0
1.6044918343092196,2.46880426047178,-0.3391206870869525,0.3391610350690703,3.3941098558263025,4.373965725860224,934.0,3258.0,5.29755973759576,0.9516950154037578,5.883047108930347,0.04873657,0.0630188,0.0615452357142857,4.049752217331828e-06,-0.0630188,2.6039139520417875,4.687272310215919e-06,1.2625409021283571,31.0
1.110314409001318,1.5670784517400775,0.3872788810647776,-1.3737067705889263,2.064454132847108,2.589426602703473,664.0,979.0,3.121441983061078,2.176296419177541,30.67078461208498,0.5412598,0.5412598,0.5187509,4.391051971953956e-05,-0.5105896,1.2753331178666716,4.398278733236938e-05,5.0596619162306125,6.0
